{
    "rmse": 0.82915619758885,
    "mae": 0.5,
    "r2": 0.08541734329327699
}