{
    "rmse": 34528.32992879724,
    "mae": 25694.125,
    "r2": -0.8356157592635871
}