{
    "rmse": 0.7658930596179533,
    "mae": 0.39664804469273746,
    "r2": -0.14283108354615082
}