{
    "rmse": 0.82915619758885,
    "mae": 0.484375,
    "r2": 0.162341042611735
}