{
    "rmse": 0.8838834764831844,
    "mae": 0.5625,
    "r2": 0.029641422181790666
}