{
    "rmse": 0.90929403520429,
    "mae": 0.5027932960893855,
    "r2": -0.38788767812238034
}